Sl no.,District Name,Min Price (Rs./Quintal),Max Price (Rs./Quintal),Modal Price (Rs./Quintal)
1,Yavatmal,4300,4600,4550
2,Yavatmal,4300,4891,4650
3,Yavatmal,4300,4500,4400
4,Yavatmal,4350,4590,4400
5,Yavatmal,4300,4675,4450
6,Ahmednagar,2500,4600,3550
7,Ahmednagar,2500,4000,3250
8,Ahmednagar,2500,3700,3100
9,Ahmednagar,2500,4100,3300
10,Ahmednagar,2500,4800,3650
11,Ahmednagar,2500,3000,2750
12,Ahmednagar,2500,3000,2750
13,Latur,3853,3853,3853
14,Latur,3970,4000,3980
15,Latur,3800,4800,4300
16,Latur,4300,4451,4375
17,Latur,5000,5555,5250
18,Latur,4301,6101,5000
19,Latur,3841,4301,4071
20,Latur,3400,4400,3804
21,Latur,3800,4320,3900
22,Latur,2900,3850,3375
23,Latur,3451,3570,3511
24,Latur,3800,4000,3900
25,Latur,3000,3401,3200
26,Latur,3400,3500,3450
27,Latur,3300,3725,3512
28,Latur,3300,3385,3342
29,Latur,3251,3251,3251
30,Latur,2111,2960,2535
31,Latur,2500,3251,2875
32,Latur,3385,3385,3385
33,Latur,2900,3150,3025
34,Latur,2800,3000,2900
35,Latur,2800,3600,3000
36,Latur,3000,3500,3250
37,Latur,3400,3800,3550
38,Latur,3500,3990,3750
39,Latur,2700,3800,3250
40,Latur,2500,4800,3650
41,Latur,3000,3800,3400
42,Latur,3000,4000,3500
43,Latur,3800,4100,3950
44,Latur,3500,4010,3750
45,Latur,3275,3951,3550
46,Hingoli,3100,3200,3150
47,Hingoli,3200,3200,3200
48,Hingoli,3000,3200,3100
49,Sholapur,2100,3000,2700
50,Jalgaon,3100,4000,4000
51,Jalgaon,3300,4000,4000
52,Jalgaon,2800,2800,2800
53,Jalgaon,3200,3200,3200
54,Jalgaon,3422,3422,3422
55,Jalgaon,2500,3555,3555
56,Jalgaon,3450,3450,3450
57,Jalgaon,3400,3400,3400
58,Jalgaon,3751,4000,4000
59,Jalgaon,2500,2500,2500
60,Jalgaon,2150,4000,4000
61,Jalgaon,3651,3651,3651
62,Jalgaon,4000,4000,4000
63,Jalgaon,3611,3800,3800
64,Jalgaon,3800,3800,3800
65,Jalgaon,4200,4200,4200
66,Jalgaon,3500,4100,4100
67,Jalgaon,2800,2900,2900
68,Jalgaon,3701,4500,4500
69,Jalgaon,3500,3500,3500
70,Jalgaon,3481,3902,3902
71,Jalgaon,3611,3836,3836
72,Jalgaon,3500,3500,3500
73,Jalgaon,2500,2500,2500
74,Jalgaon,3200,3700,3700
75,Jalgaon,3300,3400,3400
76,Jalgaon,3500,3500,3500
77,Amarawati,5000,5500,5200
78,Amarawati,5000,5500,5200
79,Amarawati,5000,5500,5200
80,Amarawati,5000,5500,5025
81,Amarawati,5000,5500,5250
82,Amarawati,5000,5500,5250
83,Amarawati,5000,5500,5250
84,Amarawati,5000,5500,5250
85,Amarawati,5000,5500,5250
86,Amarawati,5000,5500,5250
87,Amarawati,5000,5500,5250
88,Amarawati,5000,5500,5250
89,Amarawati,4800,5400,5100
90,Amarawati,4800,5400,5100
91,Amarawati,4800,5400,5100
92,Amarawati,4850,5400,5125
93,Amarawati,5000,5500,5250
94,Amarawati,5000,5550,5275
95,Amarawati,4800,5400,5100
96,Amarawati,5000,5450,5225
97,Amarawati,4800,5400,5100
98,Amarawati,4800,5450,5125
99,Amarawati,4800,5400,5100
100,Amarawati,5000,5400,5200
101,Amarawati,4800,5375,5088
102,Amarawati,4700,5500,5100
103,Amarawati,5000,5600,5300
104,Amarawati,5000,5550,5275
105,Amarawati,5000,5550,5275
106,Amarawati,5000,5600,5300
107,Amarawati,5000,5716,5358
108,Amarawati,4000,4700,4350
109,Amarawati,4000,5201,4600
110,Amarawati,4500,4700,4600
111,Amarawati,2800,3400,3050
112,Amarawati,2850,3400,3100
113,Amarawati,2850,3500,3175
114,Amarawati,3000,3700,3300
115,Amarawati,3250,3750,3500
116,Amarawati,3250,3750,3500
117,Amarawati,3150,3700,3425
118,Amarawati,3350,3850,3500
119,Amarawati,3350,3450,3400
120,Amarawati,3400,3850,3625
121,Amarawati,3300,3850,3575
122,Amarawati,3200,3700,3450
123,Amarawati,3300,3800,3550
124,Amarawati,3250,3850,3550
125,Amarawati,3200,3950,3500
126,Amarawati,3200,3800,3500
127,Amarawati,3250,3850,3450
128,Amarawati,3300,3800,3500
129,Amarawati,3300,3850,3500
130,Amarawati,3200,3800,3500
131,Amarawati,3200,3850,3525
132,Amarawati,3200,3800,3500
133,Amarawati,3000,3800,3400
134,Amarawati,3200,4000,3700
135,Amarawati,2000,2400,2200
136,Amarawati,3250,3650,3450
137,Amarawati,3000,3700,3350
138,Amarawati,3000,3500,3250
139,Amarawati,3100,3500,3300
140,Amarawati,2400,3250,2825
141,Amarawati,2500,3250,2875
142,Amarawati,2400,3250,2825
143,Amarawati,2400,3300,2850
144,Amarawati,2500,3225,2863
145,Amarawati,3000,3500,3250
146,Amarawati,2400,3250,2825
147,Amarawati,2400,3250,2825
148,Amarawati,2400,3350,2875
149,Amarawati,3150,3450,3300
150,Amarawati,3150,3450,3300
151,Amarawati,3200,3500,3350
152,Amarawati,3150,3600,3375
153,Amarawati,3300,3600,3450
154,Amarawati,3200,3500,3350
155,Amarawati,3100,3500,3300
156,Gadchiroli,2500,4000,3500
157,Gadchiroli,3585,5405,4500
158,Gadchiroli,3205,3855,3800
159,Gadchiroli,3450,3825,3800
160,Gadchiroli,3100,3700,3456
161,Gadchiroli,2500,4000,3900
162,Gadchiroli,2600,4600,4000
163,Gadchiroli,2700,3750,3498
164,Gadchiroli,2500,3900,3318
165,Gadchiroli,3305,4075,3800
166,Gadchiroli,2600,4700,4500
167,Gadchiroli,2600,4600,4000
168,Gadchiroli,3600,4805,4300
169,Gadchiroli,2500,3900,3500
170,Gadchiroli,2500,4005,3600
171,Gadchiroli,2310,4800,4400
172,Gadchiroli,2400,4100,4000
173,Gadchiroli,3200,5000,4000
174,Gadchiroli,2100,5300,4000
175,Gadchiroli,2505,4695,4000
176,Gadchiroli,2405,3710,3500
177,Gadchiroli,2655,4715,4000
178,Gadchiroli,3000,4600,4300
179,Gadchiroli,3025,4400,3900
180,Gadchiroli,3200,4620,4300
181,Gadchiroli,2600,4600,4200
182,Gadchiroli,3200,4620,4300
183,Gadchiroli,3100,4700,4000
184,Gadchiroli,2805,4400,4000
185,Gadchiroli,2805,4305,3900
186,Gadchiroli,2505,4695,3791
187,Gadchiroli,3000,4810,4000
188,Gadchiroli,2500,4350,3459
189,Gadchiroli,2600,4300,3800
190,Gadchiroli,2100,4705,3500
191,Gadchiroli,2100,4590,3400
192,Gadchiroli,2800,4755,3656
193,Gadchiroli,2900,4500,3692
194,Gadchiroli,2000,4350,3357
195,Gadchiroli,3200,4495,3741
196,Gadchiroli,2815,3645,3379
197,Pune,3451,4500,3500
198,Pune,3800,4651,3950
199,Pune,3200,4150,3300
200,Pune,2700,5600,4400
201,Pune,3100,4500,3551
202,Pune,2980,5000,3850
203,Pune,4351,4481,4351
204,Pune,3700,4101,4100
205,Pune,3451,3900,3750
206,Pune,3201,3981,3700
207,Pune,2500,3350,3100
208,Pune,2551,3811,3751
209,Pune,2700,3800,3700
210,Pune,2800,3700,3670
211,Pune,2500,3400,2700
212,Pune,2601,3461,3452
213,Pune,2500,3351,3351
214,Pune,3100,3151,3100
215,Pune,2456,2750,2720
216,Hingoli,3700,3700,3700
217,Nanded,3050,3058,3052
218,Aurangabad,3000,3500,3250
219,Aurangabad,2500,3500,3000
220,Aurangabad,3000,3500,3250
221,Aurangabad,3000,3700,3350
222,Aurangabad,3000,5000,4000
223,Aurangabad,3000,4200,3600
224,Aurangabad,2500,3500,3000
225,Aurangabad,2500,3500,3000
226,Aurangabad,3000,4000,3500
227,Aurangabad,3000,3600,3150
228,Aurangabad,3000,4500,3750
229,Aurangabad,2500,4000,3250
230,Aurangabad,3000,3700,3350
231,Aurangabad,3000,3600,3300
232,Aurangabad,3000,3800,3400
233,Aurangabad,3000,3700,3350
234,Aurangabad,3000,4500,3750
235,Aurangabad,3000,4500,3750
236,Aurangabad,2500,3500,3000
237,Aurangabad,2600,3200,2900
238,Aurangabad,2500,4200,3350
239,Aurangabad,3000,4000,3500
240,Aurangabad,3000,4000,3500
241,Aurangabad,3000,3800,3400
242,Aurangabad,3000,4500,3750
243,Aurangabad,2500,3000,2750
244,Aurangabad,3000,3500,3250
245,Aurangabad,2300,3200,2750
246,Aurangabad,2500,3500,3000
247,Aurangabad,2500,4000,3250
248,Aurangabad,3000,4000,3500
249,Aurangabad,3000,3700,3350
250,Aurangabad,2500,3000,2750
251,Aurangabad,2500,3500,3000
252,Aurangabad,3000,4000,3500
253,Aurangabad,2200,3200,2700
254,Aurangabad,3000,3700,3350
255,Aurangabad,3000,3500,3250
256,Aurangabad,3000,3800,3400
257,Aurangabad,2000,3500,2750
258,Aurangabad,2500,3500,3000
259,Aurangabad,3000,3400,3200
260,Aurangabad,2500,3000,2750
261,Aurangabad,2400,3600,3000
262,Aurangabad,1800,3000,2400
263,Aurangabad,2500,3500,3000
264,Aurangabad,2000,3200,2600
265,Aurangabad,2000,3600,2800
266,Aurangabad,2500,3500,3000
267,Aurangabad,3000,3500,3250
268,Aurangabad,2000,3700,2850
269,Aurangabad,2400,3000,2700
270,Aurangabad,2400,3200,2800
271,Aurangabad,2000,3200,2600
272,Aurangabad,2600,3000,2800
273,Aurangabad,3000,3500,3250
274,Aurangabad,3000,3700,3350
275,Aurangabad,2500,4000,3250
276,Aurangabad,2800,3200,3000
277,Aurangabad,3500,4000,3750
278,Aurangabad,3000,4000,3500
279,Aurangabad,2500,3000,2750
280,Aurangabad,2500,3500,3000
281,Aurangabad,2000,2500,2250
282,Aurangabad,3000,3300,3150
283,Aurangabad,3000,3500,3250
284,Aurangabad,2700,3000,2850
285,Aurangabad,3000,3200,3100
286,Aurangabad,2500,3200,2850
287,Aurangabad,3000,4000,3500
288,Aurangabad,2800,3200,3000
289,Aurangabad,3000,4000,3500
290,Aurangabad,3000,3800,3400
291,Aurangabad,3000,3500,3250
292,Aurangabad,2200,3500,2850
293,Aurangabad,3200,3400,3300
294,Aurangabad,3000,4200,3600
295,Aurangabad,3000,4000,3500
296,Aurangabad,3000,4200,3600
297,Aurangabad,3200,4000,3600
298,Aurangabad,3000,3500,3250
299,Aurangabad,3000,3300,3150
300,Aurangabad,3000,3700,3350
301,Aurangabad,3000,3600,3150
302,Aurangabad,3000,3800,3400
303,Aurangabad,3000,3600,3150
304,Aurangabad,3000,3700,3350
305,Aurangabad,3000,3500,3250
306,Aurangabad,2500,3500,3000
307,Aurangabad,2700,3300,3000
308,Aurangabad,2000,3500,2750
309,Aurangabad,2600,3200,2900
310,Aurangabad,2200,3300,2750
311,Aurangabad,3000,3500,3250
312,Aurangabad,2800,3200,3000
313,Aurangabad,2500,3500,3000
314,Aurangabad,2000,2500,2250
315,Aurangabad,3000,3500,3250
316,Aurangabad,2000,3000,2500
317,Aurangabad,2000,3000,2500
318,Aurangabad,2200,3000,2600
319,Aurangabad,2500,3000,2750
320,Aurangabad,2000,3200,2600
321,Aurangabad,2000,2800,2400
322,Aurangabad,2500,3000,2750
323,Aurangabad,2600,3100,2850
324,Aurangabad,2000,2500,2250
325,Aurangabad,1800,3000,2400
326,Aurangabad,2000,3200,2600
327,Aurangabad,2200,3000,2600
328,Aurangabad,2500,3000,2750
329,Aurangabad,2500,3000,2750
330,Aurangabad,2300,3000,2650
331,Aurangabad,2000,2800,2400
332,Aurangabad,2500,3000,2750
333,Aurangabad,2200,3000,2600
334,Aurangabad,2200,2600,2400
335,Aurangabad,2300,2900,2600
336,Jalgaon,3955,3955,3955
337,Jalgaon,4300,4300,4300
338,Jalgaon,3451,3451,3451
339,Jalgaon,3551,3551,3551
340,Jalgaon,4000,4000,4000
341,Jalgaon,4100,4100,4100
342,Jalgaon,3362,3362,3362
343,Jalgaon,3352,3535,3535
344,Jalgaon,3601,3650,3650
345,Jalgaon,3651,3651,3651
346,Jalgaon,3500,3500,3500
347,Jalgaon,3251,3945,3851
348,Jalgaon,3231,3601,3300
349,Jalgaon,3500,3500,3500
350,Jalgaon,3651,3651,3651
351,Jalgaon,3400,3940,3601
352,Jalgaon,3425,3772,3700
353,Jalgaon,2493,2800,2800
354,Jalgaon,2851,3661,3286
355,Jalgaon,3075,3501,3342
356,Jalgaon,2900,3351,3100
357,Jalgaon,3001,3300,3158
358,Jalgaon,3252,3552,3550
359,Jalgaon,3092,3500,3400
360,Jalgaon,2401,3300,3050
361,Jalgaon,3100,3614,3293
362,Jalgaon,2451,3451,3242
363,Jalgaon,3011,3333,3252
364,Jalgaon,3101,3601,3352
365,Jalgaon,2901,3299,3299
366,Jalgaon,3211,3211,3211
367,Jalgaon,3052,3052,3052
368,Osmanabad,3000,5000,4000
369,Osmanabad,3200,4000,3600
370,Osmanabad,4000,4500,4300
371,Osmanabad,3300,4500,3900
372,Osmanabad,4200,4200,4200
373,Osmanabad,2000,4500,3300
374,Osmanabad,4000,4000,4000
375,Osmanabad,2500,4100,3300
376,Osmanabad,2600,3700,3200
377,Osmanabad,2500,3500,3000
378,Osmanabad,3000,4000,3500
379,Osmanabad,2100,4000,3100
380,Osmanabad,2500,3200,2900
381,Osmanabad,2500,3300,2900
382,Osmanabad,2500,3500,3000
383,Osmanabad,2000,3000,2500
384,Osmanabad,2000,3200,2100
385,Osmanabad,2500,3200,2900
386,Osmanabad,2600,4000,3300
387,Osmanabad,2500,3300,2900
388,Osmanabad,2000,3000,2500
389,Osmanabad,2200,2500,2400
390,Osmanabad,1200,2700,2000
391,Osmanabad,1800,2700,2300
392,Osmanabad,1500,2800,2200
393,Osmanabad,2000,2400,2200
394,Osmanabad,2000,2700,2400
395,Osmanabad,1500,2600,2100
396,Osmanabad,1100,2000,1600
397,Osmanabad,1200,2500,1900
398,Osmanabad,1500,2200,1900
399,Osmanabad,1800,2500,2200
400,Osmanabad,2000,3000,2500
401,Osmanabad,1400,2800,2100
402,Osmanabad,1800,3000,2400
403,Osmanabad,1000,2400,1700
404,Osmanabad,1800,2400,2100
405,Osmanabad,2000,2500,2300
406,Osmanabad,1800,2500,2200
407,Osmanabad,2000,2200,2100
408,Osmanabad,1000,2500,1800
409,Osmanabad,1600,2800,2200
410,Osmanabad,1800,3000,2500
411,Osmanabad,1600,2500,2100
412,Osmanabad,2300,2500,2400
413,Osmanabad,1600,2500,2100
414,Osmanabad,1000,5000,3300
415,Osmanabad,2100,3000,2600
416,Osmanabad,2000,3000,2500
417,Osmanabad,1800,2500,2200
418,Osmanabad,1300,2600,2000
419,Osmanabad,2000,3000,2500
420,Osmanabad,2500,2800,2700
421,Osmanabad,1500,3500,2500
422,Osmanabad,1600,3500,2600
423,Osmanabad,1800,3000,2400
424,Osmanabad,2000,3000,2500
425,Osmanabad,2500,3500,3000
426,Osmanabad,2500,4600,3600
427,Nanded,3200,3910,3500
428,Nanded,3350,4150,3600
429,Nanded,3400,4290,3800
430,Nanded,3400,4100,3600
431,Nanded,3500,4310,4000
432,Nanded,3200,4180,3600
433,Nanded,3300,4080,3500
434,Nanded,2800,3900,3400
435,Nanded,2700,3890,3300
436,Nanded,2700,3860,3300
437,Nanded,2900,3850,3250
438,Nanded,2810,3790,3200
439,Nanded,2900,3690,3280
440,Nanded,2400,3640,3000
441,Dhule,3575,4875,4525
442,Dhule,3675,5150,4400
443,Dhule,4000,5000,4400
444,Dhule,3625,5400,4900
445,Dhule,3700,4700,4400
446,Dhule,4400,4425,4425
447,Dhule,3525,5275,4700
448,Dhule,3000,6000,5200
449,Dhule,3500,6200,5250
450,Dhule,3675,5575,4500
451,Dhule,3500,5525,5100
452,Dhule,3025,5625,5000
453,Dhule,3525,5700,5000
454,Dhule,4150,4800,4500
455,Dhule,3575,5700,5100
456,Dhule,3300,6000,5100
457,Dhule,3500,6000,5000
458,Dhule,2700,5550,4850
459,Dhule,3625,5925,5100
460,Dhule,3850,6900,5500
461,Dhule,3500,6250,5800
462,Dhule,3500,5775,4800
463,Dhule,3650,5850,5000
464,Dhule,5200,5200,5200
465,Dhule,2900,5500,4400
466,Dhule,3400,5600,4600
467,Dhule,2900,5375,4400
468,Dhule,3900,5500,4700
469,Dhule,2700,5300,4525
470,Dhule,2700,5300,4525
471,Dhule,3000,5625,5000
472,Dhule,3800,5225,5000
473,Dhule,2500,5100,4200
474,Dhule,3800,3800,3800
475,Dhule,2850,4500,3700
476,Dhule,3000,5100,4000
477,Dhule,2750,4900,4200
478,Dhule,2550,5000,3625
479,Dhule,2500,5125,3800
480,Dhule,2500,5050,3950
481,Dhule,2200,5075,3500
482,Dhule,3125,4625,3300
483,Dhule,3125,4875,4100
484,Dhule,3625,5100,4500
485,Dhule,3800,4800,4400
486,Dhule,2900,4700,4325
487,Dhule,3275,5200,4500
488,Dhule,3275,5200,4500
489,Dhule,3325,5000,4475
490,Dhule,3300,4950,4500
491,Dhule,3500,4450,4450
492,Dhule,2200,4600,3500
493,Dhule,2300,4600,3500
494,Dhule,3400,4825,4000
495,Dhule,2900,4900,4400
496,Dhule,3200,5300,4700
497,Dhule,3400,5000,4900
498,Dhule,3400,5000,4900
499,Dhule,3525,5050,4200
500,Dhule,3525,5050,4200
501,Dhule,3525,5050,4200
502,Dhule,3300,5100,4500
503,Dhule,3300,5100,4500
504,Dhule,3600,5175,4550
505,Dhule,3875,5475,5025
506,Dhule,4225,5600,4800
507,Dhule,3800,5000,4400
508,Dhule,3325,4900,4500
509,Dhule,3200,4800,4125
510,Dhule,3400,4875,4325
511,Dhule,3600,3600,3600
512,Dhule,3000,5075,4100
513,Dhule,3300,4975,4000
514,Dhule,3000,5075,4150
515,Dhule,3500,5225,4500
516,Dhule,3575,3775,3575
517,Dhule,3200,5075,4650
518,Dhule,3350,4900,4450
519,Dhule,2000,4575,4325
520,Dhule,3400,4600,4150
521,Dhule,2600,4425,3000
522,Dhule,4100,4500,4200
523,Dhule,3225,4550,3650
524,Dhule,3500,4225,4075
525,Dhule,3500,4625,4225
526,Dhule,3800,4400,4100
527,Dhule,2900,4550,4100
528,Dhule,3500,4400,4100
529,Dhule,2700,4500,4225
530,Dhule,3300,4500,4205
531,Dhule,3325,4650,4250
532,Dhule,3400,4425,4075
533,Dhule,3400,4425,4075
534,Dhule,3900,4325,4025
535,Dhule,2925,4150,3800
536,Dhule,3900,4525,4000
537,Dhule,2500,3400,3100
538,Dhule,2800,4125,3700
539,Dhule,1700,4425,3800
540,Dhule,2525,4150,3850
541,Dhule,2900,4225,3675
542,Dhule,2975,4075,3600
543,Dhule,2800,4150,3750
544,Dhule,2600,4125,3500
545,Dhule,2600,4125,3750
546,Dhule,2000,4000,3650
547,Dhule,2170,4150,3700
548,Dhule,2000,3950,3550
549,Dhule,2575,3900,3550
550,Dhule,2350,4100,3800
551,Dhule,2000,3875,3450
552,Dhule,2000,3900,3450
553,Dhule,3000,3775,3575
554,Dhule,2000,3900,3500
555,Dhule,2550,4100,3600
556,Dhule,2800,4200,3700
557,Dhule,2200,3875,3450
558,Dhule,2800,4025,3500
559,Dhule,2500,3900,3425
560,Dhule,2300,4100,3850
561,Dhule,2200,3850,3400
562,Dhule,2200,4200,3800
563,Dhule,2500,4000,3500
564,Dhule,2925,4050,3525
565,Dhule,2200,4050,3650
566,Dhule,2450,4150,3600
567,Dhule,2000,4125,3600
568,Dhule,2241,4100,3550
569,Dhule,2500,4025,3200
570,Dhule,2500,4050,3200
571,Dhule,2050,4225,3850
572,Dhule,2600,4100,3675
573,Dhule,2600,4125,3550
574,Dhule,2200,4100,3550
575,Dhule,2200,4125,3525
576,Dhule,2500,3775,2650
577,Dhule,2300,4000,3500
578,Dhule,1500,3800,3500
579,Dhule,2000,3900,3650
580,Dhule,2600,3950,3450
581,Dhule,2200,3800,3400
582,Dhule,2100,3825,3100
583,Dhule,2800,3875,3260
584,Dhule,2200,3925,3050
585,Dhule,1500,3850,3375
586,Dhule,3100,3500,3300
587,Dhule,2500,3850,3800
588,Dhule,2500,3900,3750
589,Dhule,2500,4200,3650
590,Dhule,2500,3825,3450
591,Dhule,2500,3825,3450
592,Dhule,2575,3725,3500
593,Dhule,2075,4125,3551
594,Dhule,2500,3825,3450
595,Dhule,2000,3800,3400
596,Dhule,2000,3825,3400
597,Dhule,3525,3600,3525
598,Dhule,2500,3900,3600
599,Dhule,2700,3700,3300
600,Dhule,2750,3875,3400
601,Dhule,2500,3725,3250
602,Dhule,2350,3775,3500
603,Dhule,3100,3700,3700
604,Dhule,2600,3775,3325
605,Dhule,2550,3800,3550
606,Dhule,2500,3700,3575
607,Dhule,2500,3900,3350
608,Dhule,2500,3725,3250
609,Dhule,2500,3625,3250
610,Dhule,3000,3750,3400
611,Dhule,2800,3800,3200
612,Dhule,2900,3900,3400
613,Dhule,2000,3550,2500
614,Dhule,3000,3700,3300
615,Dhule,3000,3900,3600
616,Dhule,2525,4925,3500
617,Dhule,2450,3700,3350
618,Dhule,2225,3750,3250
619,Dhule,2200,3600,3350
620,Dhule,3300,3500,3500
621,Dhule,2800,3675,3400
622,Dhule,2850,3675,3350
623,Dhule,2700,3850,3450
624,Dhule,2300,3750,3300
625,Dhule,2300,3700,3350
626,Dhule,1800,3900,3550
627,Dhule,2500,4000,3500
628,Dhule,2875,4000,3600
629,Dhule,2500,4325,3500
630,Dhule,2900,3450,3300
631,Dhule,2800,3550,3150
632,Dhule,4600,4601,4600
633,Dhule,4495,4512,4511
634,Dhule,4452,4505,4501
635,Dhule,4201,4451,4400
636,Dhule,4400,4551,4551
637,Dhule,4000,6600,6600
638,Dhule,4400,4600,4551
639,Dhule,3000,4612,4481
640,Dhule,4325,4600,4501
641,Dhule,3101,4603,4601
642,Dhule,4300,4736,4600
643,Dhule,4101,4800,4715
644,Dhule,3000,4802,4752
645,Dhule,3600,4982,4911
646,Dhule,3000,5075,5059
647,Dhule,3000,5025,4971
648,Dhule,3100,5057,4991
649,Dhule,3100,4851,4581
650,Dhule,3200,4752,4656
651,Dhule,3700,4905,4700
652,Dhule,3500,4801,4001
653,Dhule,3000,4831,4000
654,Dhule,3100,4800,3850
655,Dhule,3000,4951,3901
656,Dhule,3500,4802,3851
657,Dhule,3300,5000,4000
658,Dhule,2700,3000,2950
659,Dhule,4700,5200,5100
660,Dhule,5200,5200,5200
661,Dhule,4700,5262,5151
662,Dhule,3200,4938,4900
663,Dhule,4500,4600,4600
664,Dhule,4001,4700,4600
665,Dhule,4450,4727,4552
666,Dhule,4300,4620,4500
667,Dhule,4200,4665,4581
668,Dhule,4425,4501,4451
669,Dhule,4400,4606,4601
670,Dhule,4452,4600,4522
671,Dhule,4600,4751,4651
672,Dhule,4600,4951,4800
673,Dhule,4552,4823,4601
674,Dhule,4551,4715,4601
675,Dhule,4500,4681,4601
676,Dhule,4352,4499,4451
677,Dhule,2500,4500,4400
678,Dhule,4352,4596,4564
679,Dhule,4401,4625,4451
680,Dhule,4400,4571,4548
681,Dhule,3900,4601,4476
682,Dhule,4000,4601,4400
683,Dhule,3200,4612,4500
684,Dhule,2900,4600,4472
685,Dhule,4000,4652,4301
686,Dhule,3712,4381,4151
687,Dhule,3500,4291,4000
688,Dhule,3700,4299,3901
689,Dhule,3600,4150,3951
690,Dhule,3600,4022,3900
691,Dhule,3100,3990,3900
692,Dhule,3650,3966,3856
693,Dhule,3715,3881,3800
694,Dhule,3700,3800,3800
695,Dhule,2800,3936,3900
696,Dhule,3400,3911,3900
697,Dhule,2800,4228,4100
698,Dhule,3000,4100,4032
699,Dhule,3051,4055,3951
700,Dhule,3000,3911,3851
701,Dhule,2500,3925,3851
702,Dhule,2700,3900,3800
703,Dhule,2400,3851,3800
704,Dhule,2500,3951,3851
705,Dhule,2651,3921,3851
706,Dhule,3100,4002,3851
707,Dhule,2201,4011,3865
708,Dhule,2500,3951,3800
709,Dhule,2500,3921,3851
710,Dhule,2100,3900,3851
711,Dhule,2400,3900,3851
712,Dhule,2200,3900,3851
713,Dhule,2500,3900,3800
714,Dhule,2200,3911,3800
715,Dhule,2200,4000,3800
716,Dhule,2301,4016,3800
717,Dhule,2200,4051,3801
718,Dhule,2221,4000,3800
719,Dhule,2200,4000,3800
720,Dhule,2200,4051,3751
721,Dhule,2311,4090,3851
722,Dhule,2000,4100,3901
723,Dhule,2200,4161,3900
724,Dhule,2301,4100,3951
725,Dhule,2400,4201,4151
726,Dhule,2362,4251,3800
727,Dhule,2100,4201,4000
728,Dhule,2100,4031,3900
729,Dhule,2091,4000,3700
730,Dhule,2101,4100,3900
731,Dhule,2050,3982,3651
732,Dhule,2100,3802,3651
733,Dhule,1900,3700,2500
734,Dhule,2451,3717,3401
735,Dhule,2000,3600,3500
736,Dhule,2056,3400,3100
737,Dhule,1900,3550,3251
738,Dhule,2552,3701,3533
739,Dhule,3200,3750,3676
740,Dhule,2201,3300,2575
741,Dhule,2301,3398,3395
742,Dhule,3500,3900,3551
743,Dhule,3400,3400,3400
744,Dhule,2500,3451,3400
745,Dhule,3577,3577,3577
746,Dhule,2400,3500,3350
747,Dhule,3100,3551,3500
748,Dhule,2500,3551,3551
749,Dhule,2500,3500,3500
750,Dhule,2500,3601,3551
751,Dhule,3500,3550,3550
752,Dhule,551,3751,3581
753,Dhule,2800,3551,3500
754,Dhule,3600,3700,3675
755,Dhule,3632,3716,3700
756,Dhule,3500,4000,3751
757,Dhule,3626,3801,3701
758,Dhule,3600,3800,3700
759,Dhule,3300,3841,3741
760,Dhule,3600,3800,3751
761,Dhule,3650,3951,3800
762,Dhule,3600,3951,3781
763,Dhule,3652,3851,3762
764,Dhule,3600,3951,3742
765,Dhule,3500,3900,3639
766,Dhule,3300,3700,3641
767,Dhule,3631,3876,3714
768,Dhule,2500,3662,3626
769,Dhule,3000,4000,3757
770,Dhule,3576,3951,3821
771,Dhule,3700,4055,3825
772,Dhule,3661,3961,3753
773,Dhule,3570,3675,3651
774,Dhule,3441,3900,3575
775,Dhule,3400,3591,3551
776,Hingoli,4300,4300,4300
777,Hingoli,3900,3900,3900
778,Hingoli,3700,3800,3800
779,Hingoli,4100,4450,4450
780,Hingoli,4000,4290,4290
781,Hingoli,3750,3915,3915
782,Hingoli,3700,3850,3850
783,Hingoli,3705,3825,3825
784,Hingoli,3800,3900,3900
785,Hingoli,3800,3900,3900
786,Hingoli,3705,3851,3851
787,Hingoli,3605,3840,3840
788,Hingoli,3800,3965,3965
789,Hingoli,3555,3755,3755
790,Hingoli,4450,4450,4450
791,Hingoli,4450,4450,4450
792,Hingoli,4450,4450,4450
793,Hingoli,4450,4450,4450
794,Hingoli,4450,4450,4450
795,Hingoli,4450,4450,4450
796,Hingoli,4450,4450,4450
797,Hingoli,4450,4450,4450
798,Hingoli,4450,4450,4450
799,Hingoli,4450,4450,4450
800,Hingoli,4450,4450,4450
801,Hingoli,4450,4450,4450
802,Hingoli,4450,4450,4450
803,Hingoli,4450,4450,4450
804,Hingoli,4450,4450,4450
805,Hingoli,4450,4450,4450
806,Hingoli,4450,4450,4450
807,Hingoli,4450,4450,4450
808,Hingoli,4450,4450,4450
809,Hingoli,4450,4450,4450
810,Hingoli,4450,4450,4450
811,Hingoli,4450,4450,4450
812,Hingoli,4450,4450,4450
813,Hingoli,4450,4450,4450
814,Hingoli,4450,4450,4450
815,Hingoli,4450,4450,4450
816,Hingoli,4450,4450,4450
817,Hingoli,4450,4450,4450
818,Hingoli,4450,4450,4450
819,Pune,3000,3700,3200
820,Pune,2800,3551,3200
821,Pune,3800,4301,4100
822,Pune,3000,4100,4000
823,Pune,3000,4251,4000
824,Pune,3600,4300,4000
825,Pune,2700,3950,3650
826,Pune,2551,4200,3000
827,Pune,3200,4100,3611
828,Pune,3400,4050,3700
829,Pune,2700,3651,3500
830,Ahmednagar,3800,4000,3900
831,Ahmednagar,2500,2800,2650
832,Ahmednagar,2500,3200,2850
833,Ahmednagar,2800,3000,2900
834,Ahmednagar,2700,2900,2800
835,Ahmednagar,2700,3200,2950
836,Ahmednagar,2000,2400,2200
837,Ahmednagar,2000,2300,2150
838,Ahmednagar,2500,3000,2750
839,Ahmednagar,2000,2300,2150
840,Parbhani,4200,4300,4200
841,Parbhani,3500,4305,3500
842,Parbhani,4251,4251,4251
843,Parbhani,4250,4250,4250
844,Parbhani,4130,4130,4130
845,Parbhani,3675,3855,3700
846,Parbhani,3400,3600,3500
847,Parbhani,3550,3820,3685
848,Parbhani,2500,3830,3830
849,Parbhani,3275,3600,3550
850,Parbhani,3305,3305,3305
851,Parbhani,3305,3770,3575
852,Parbhani,3326,3875,3505
853,Parbhani,3600,3600,3600
854,Parbhani,3500,3755,3600
855,Parbhani,3460,3975,3679
856,Parbhani,3300,3600,3500
857,Parbhani,3200,3700,3500
858,Parbhani,2250,3601,3350
859,Parbhani,3200,3556,3400
860,Parbhani,3350,3500,3350
861,Parbhani,2550,3655,3450
862,Parbhani,2405,3700,3450
863,Parbhani,2400,3811,3500
864,Parbhani,3000,3775,3550
865,Parbhani,3000,3795,3600
866,Parbhani,3351,3751,3500
867,Parbhani,3300,3901,3545
868,Parbhani,3330,3850,3500
869,Parbhani,3500,3850,3700
870,Parbhani,3700,3980,3800
871,Parbhani,3455,3941,3700
872,Parbhani,3525,4040,3815
873,Parbhani,3200,3825,3600
874,Parbhani,3300,3800,3600
875,Parbhani,3000,3800,3400
876,Parbhani,3400,3990,3750
877,Parbhani,3500,3500,3500
878,Parbhani,3350,3905,3600
879,Parbhani,3400,3950,3400
880,Parbhani,2900,3600,3401
881,Parbhani,3300,3745,3500
882,Beed,2500,3200,2850
883,Beed,2000,3000,2500
884,Beed,1800,2300,2050
885,Nashik,6000,6300,6000
886,Nashik,5251,5251,5251
887,Nashik,5500,6100,5500
888,Nashik,3400,3400,3400
889,Nashik,2000,4200,3500
890,Nashik,2000,2000,2000
891,Nashik,1500,2200,2000
892,Nashik,3100,3100,3100
893,Nashik,2100,3000,2400
894,Nashik,1251,1700,1251
895,Nashik,2000,3100,3100
896,Nashik,2000,2100,2000
897,Nashik,2501,3000,2501
898,Vashim,3200,3800,3500
899,Vashim,4400,4800,4700
900,Vashim,1995,2300,2100
901,Vashim,4000,4250,4250
902,Vashim,4800,4865,4800
903,Vashim,4800,4995,4850
904,Vashim,4500,4890,4700
905,Vashim,4700,5100,4700
906,Vashim,3780,5005,4900
907,Vashim,4890,4890,4890
908,Vashim,3525,4600,4400
909,Vashim,4000,4490,4300
910,Vashim,3800,4500,4200
911,Vashim,4100,4500,4300
912,Vashim,3600,4200,3900
913,Vashim,4095,4095,4095
914,Vashim,3800,3800,3800
915,Vashim,3700,4100,3900
916,Vashim,3800,4030,3900
917,Vashim,3700,4020,3900
918,Vashim,3590,4010,3780
919,Vashim,3600,4000,3880
920,Vashim,3600,4000,3800
921,Vashim,3900,4350,4200
922,Vashim,3700,4395,4200
923,Vashim,3850,4365,4200
924,Vashim,4290,4400,4290
925,Vashim,3600,4300,3900
926,Vashim,3600,4350,3980
927,Vashim,3600,4345,4000
928,Vashim,3600,4150,3900
929,Vashim,3200,3900,3800
930,Vashim,3600,4100,3900
931,Vashim,3300,3900,3800
932,Vashim,3400,4050,3800
933,Vashim,3450,4000,3850
934,Vashim,3500,4000,3900
935,Vashim,3400,4000,3700
936,Vashim,3300,4000,3850
937,Vashim,3660,4250,3900
938,Vashim,3500,4150,3850
939,Vashim,3460,4150,3850
940,Vashim,3500,4000,3905
941,Vashim,3400,4000,3840
942,Vashim,3450,4100,3800
943,Vashim,3450,4050,3750
944,Vashim,3300,4050,3900
945,Vashim,3450,4150,3825
946,Vashim,3450,4050,3800
947,Vashim,3400,3950,3760
948,Vashim,3405,4075,3600
949,Vashim,3350,4100,3800
950,Vashim,3300,4050,3600
951,Vashim,3400,3950,3705
952,Vashim,3545,4200,3840
953,Vashim,3150,4150,3845
954,Vashim,3375,4125,3700
955,Vashim,3000,4000,3500
956,Vashim,2940,3600,2940
957,Vashim,3085,3800,3395
958,Vashim,3360,3700,3700
959,Vashim,3100,3775,3100
960,Sholapur,3811,3811,3811
961,Sholapur,2700,4400,4400
962,Sholapur,3500,4300,4000
963,Sholapur,3601,3601,3601
964,Sholapur,4000,4500,4200
965,Sholapur,3500,3700,3700
966,Sholapur,3400,3400,3400
967,Sholapur,2100,3551,2800
968,Sholapur,2750,2750,2750
969,Sholapur,3351,3351,3351
970,Sholapur,3100,3200,3200
971,Nagpur,5000,5500,5200
972,Nagpur,3700,5151,4930
973,Nagpur,3000,5000,4800
974,Nagpur,3800,4900,4700
975,Nagpur,3500,5100,4900
976,Nagpur,3100,4800,4620
977,Nagpur,4300,5000,4830
978,Nagpur,3800,5035,4830
979,Nagpur,3800,5250,5030
980,Nagpur,3800,5200,4960
981,Nagpur,4200,5385,5130
982,Nagpur,3500,5300,5100
983,Nagpur,4100,5380,5150
984,Nagpur,4410,5400,5210
985,Nagpur,4500,5560,5250
986,Nagpur,4400,5500,5300
987,Nagpur,4570,5500,5250
988,Nagpur,4000,5500,5300
989,Nagpur,4000,5651,5320
990,Nagpur,4450,5440,5250
991,Nagpur,4580,5120,4960
992,Nagpur,4550,5500,5200
993,Nagpur,4210,5000,4860
994,Nagpur,4100,5500,5200
995,Nagpur,3400,5250,5050
996,Nagpur,3300,5360,5130
997,Nagpur,3500,5000,4800
998,Nagpur,3611,5350,5150
999,Nagpur,4100,5470,5220
1000,Nagpur,3650,5300,5100
1001,Nagpur,3500,5450,5250
1002,Nagpur,4300,5600,5400
1003,Nagpur,4800,5810,5560
1004,Nagpur,3950,5500,5320
1005,Nagpur,4200,5800,5600
1006,Nagpur,4700,5310,5120
1007,Nagpur,4000,5500,5200
1008,Nagpur,3599,3599,3599
1009,Nagpur,4050,4200,4120
1010,Nagpur,4350,4750,4550
1011,Nagpur,3800,4621,4350
1012,Nagpur,3200,4850,4510
1013,Nagpur,3400,5201,4750
1014,Nagpur,4480,4863,4630
1015,Nagpur,4300,4830,4620
1016,Nagpur,3600,5200,5050
1017,Nagpur,4400,5200,5050
1018,Nagpur,3600,5290,4930
1019,Nagpur,3100,4930,4730
1020,Nagpur,3750,4950,4730
1021,Nagpur,4400,4840,4630
1022,Nagpur,4000,5180,4960
1023,Nagpur,4300,5150,4950
1024,Nagpur,3300,5150,4950
1025,Nagpur,3400,4500,4300
1026,Nagpur,3599,4130,3960
1027,Nagpur,3300,4281,4030
1028,Nagpur,3800,4301,4120
1029,Nagpur,3400,4001,3820
1030,Nagpur,3700,4035,3850
1031,Nagpur,2900,4000,3820
1032,Nagpur,3500,4000,3800
1033,Nagpur,3200,3886,3620
1034,Nagpur,3100,3850,3652
1035,Nagpur,3050,3840,3640
1036,Nagpur,3000,3899,3640
1037,Nagpur,3381,3850,3620
1038,Nagpur,3381,3800,3650
1039,Nagpur,2770,3815,3650
1040,Nagpur,3200,3800,3700
1041,Nagpur,3225,3880,3650
1042,Nagpur,3200,3970,3720
1043,Nagpur,3100,3960,3720
1044,Nagpur,3450,3980,3650
1045,Nagpur,3300,3880,3560
1046,Nagpur,3560,3900,3750
1047,Nagpur,3200,3975,3760
1048,Nagpur,2950,3980,3760
1049,Nagpur,3200,3980,3750
1050,Nagpur,2800,3911,3650
1051,Nagpur,3100,3800,3600
1052,Nagpur,3100,3870,3650
1053,Nagpur,2800,3831,3620
1054,Nagpur,3200,3910,3730
1055,Nagpur,3000,3951,3740
1056,Nagpur,3050,3950,3650
1057,Nagpur,3010,3990,3750
1058,Nagpur,3000,3911,3730
1059,Nagpur,2400,3811,3620
1060,Nagpur,3100,3855,3620
1061,Nagpur,3000,3961,3720
1062,Nagpur,3100,3850,3450
1063,Nagpur,2800,3840,3650
1064,Nagpur,3150,3860,3450
1065,Nagpur,2600,3750,3530
1066,Nagpur,2500,3950,3730
1067,Nagpur,2950,3850,3620
1068,Nagpur,3000,3805,3420
1069,Nagpur,2950,3231,3120
1070,Nagpur,2500,3600,3400
1071,Nagpur,2480,2900,2700
1072,Nagpur,2700,3000,2830
1073,Nagpur,2500,2800,2600
1074,Nagpur,2400,2511,2465
1075,Nagpur,2300,2600,2500
1076,Nagpur,2600,3150,2950
1077,Nagpur,2400,2800,2600
1078,Nagpur,2300,3100,2860
1079,Nagpur,2300,3010,2855
1080,Nagpur,2500,3100,2800
1081,Nagpur,2400,3200,3000
1082,Nagpur,2800,3250,3050
1083,Nagpur,2700,3350,3120
1084,Nagpur,2400,3250,3020
1085,Nagpur,2200,3000,2800
1086,Nagpur,2615,3200,3040
1087,Nagpur,2400,3500,3320
1088,Nagpur,2800,3400,3160
1089,Nagpur,2300,3400,3160
1090,Nagpur,2700,3430,3220
1091,Buldhana,3800,3800,3800
1092,Buldhana,3700,3700,3700
1093,Buldhana,3200,3850,3525
1094,Buldhana,2800,2800,2800
1095,Buldhana,2700,2700,2700
1096,Buldhana,3000,3350,3175
1097,Buldhana,2400,3325,2862
1098,Buldhana,3200,3200,3200
1099,Buldhana,3200,3200,3200
1100,Buldhana,2880,2880,2880
1101,Buldhana,3200,3275,3237
1102,Buldhana,3200,3250,3225
1103,Buldhana,2850,3225,3037
1104,Buldhana,3350,3650,3500
1105,Buldhana,3300,3400,3350
1106,Buldhana,3125,3225,3175
1107,Buldhana,3150,3400,3275
1108,Buldhana,3150,3450,3300
1109,Buldhana,3100,3600,3350
1110,Buldhana,2500,3350,2925
1111,Buldhana,3100,3300,3200
1112,Buldhana,2700,3300,3000
1113,Buldhana,2700,3400,3050
1114,Buldhana,3100,3350,3225
1115,Buldhana,2905,3400,3152
1116,Buldhana,3000,3250,3125
1117,Buldhana,2000,3200,2600
1118,Buldhana,2800,3100,2950
1119,Buldhana,2800,3500,3150
1120,Buldhana,3200,3200,3200
1121,Buldhana,3400,3400,3400
1122,Buldhana,2600,2600,2600
1123,Buldhana,2300,3100,2700
1124,Buldhana,2700,3200,2950
1125,Kolhapur,7600,8000,7800
1126,Kolhapur,7600,8000,7800
1127,Kolhapur,7600,8000,7800
1128,Kolhapur,7600,8000,7800
1129,Kolhapur,7600,8000,7800
1130,Kolhapur,7600,8000,7800
1131,Kolhapur,7600,8000,7800
1132,Kolhapur,7600,8000,7800
1133,Kolhapur,7600,8000,7800
1134,Kolhapur,7600,8000,7800
1135,Kolhapur,7600,8000,7800
1136,Kolhapur,7600,8000,7800
1137,Kolhapur,7600,8000,7800
1138,Kolhapur,7600,8000,7800
1139,Kolhapur,7600,8000,7800
1140,Kolhapur,7600,8000,7800
1141,Kolhapur,7600,8000,7800
1142,Kolhapur,7600,8000,7800
1143,Kolhapur,7600,8000,7800
1144,Kolhapur,7600,8000,7800
1145,Kolhapur,7600,8000,7800
1146,Kolhapur,7600,8000,7800
1147,Kolhapur,7600,8000,7800
1148,Kolhapur,7600,8000,7800
1149,Kolhapur,7600,8000,7800
1150,Kolhapur,7600,8000,7800
1151,Kolhapur,7600,8000,7800
1152,Kolhapur,7600,8000,7800
1153,Kolhapur,7600,8000,7800
1154,Kolhapur,7600,8000,7800
1155,Kolhapur,7600,8000,7800
1156,Kolhapur,7600,8000,7800
1157,Nashik,5401,5401,5401
1158,Nashik,3000,5571,5101
1159,Nashik,4800,4800,4800
1160,Nashik,4800,4800,4800
1161,Nashik,2852,5801,4151
1162,Nashik,2700,4100,4001
1163,Nashik,1300,1300,1300
1164,Nanded,2951,3001,2970
1165,Beed,3300,3300,3300
1166,Beed,3351,3351,3351
1167,Nashik,4100,4961,4800
1168,Nashik,3500,4200,4000
1169,Nashik,3500,4401,4000
1170,Nashik,3800,5000,4400
1171,Nashik,3000,3700,3500
1172,Nashik,3800,4500,4000
1173,Nashik,3300,5099,4200
1174,Nashik,4300,4600,4300
1175,Nashik,3000,5381,5000
1176,Nashik,4190,4701,4199
1177,Nashik,2800,4081,3699
1178,Parbhani,4501,4551,4501
1179,Parbhani,4300,4300,4300
1180,Parbhani,4150,4450,4400
1181,Parbhani,4101,4375,4325
1182,Parbhani,3800,4351,4150
1183,Parbhani,3800,4351,4150
1184,Parbhani,3450,3745,3450
1185,Parbhani,3300,3900,3700
1186,Parbhani,3725,3750,3725
1187,Parbhani,3526,3912,3650
1188,Parbhani,3200,3671,3550
1189,Parbhani,3000,3900,3650
1190,Parbhani,3450,3896,3700
1191,Parbhani,3000,3850,3600
1192,Parbhani,3313,3826,3600
1193,Parbhani,3300,3770,3500
1194,Parbhani,3100,3741,3350
1195,Parbhani,3100,3861,3350
1196,Parbhani,3000,3931,3600
1197,Parbhani,3000,3900,3550
1198,Parbhani,3000,3725,3550
1199,Parbhani,2900,3831,3650
1200,Parbhani,3100,3872,3600
1201,Parbhani,3000,3840,3500
1202,Parbhani,3000,3770,3450
1203,Parbhani,2950,3715,3450
1204,Parbhani,3000,3450,3200
1205,Mumbai,5600,6000,5800
1206,Mumbai,3600,4000,3800
1207,Mumbai,4400,4800,4600
1208,Mumbai,3500,4500,4000
1209,Mumbai,3800,4200,4000
1210,Mumbai,3200,4000,3600
1211,Mumbai,3500,4000,3800
1212,Mumbai,3000,3800,3400
1213,Mumbai,4000,6000,5000
1214,Mumbai,4500,6500,5500
1215,Mumbai,4000,6000,5000
1216,Mumbai,3800,5800,4800
1217,Mumbai,4000,6000,5000
1218,Mumbai,3000,5000,4000
1219,Mumbai,3500,5500,4500
1220,Mumbai,3500,5500,4500
1221,Mumbai,3600,4000,3800
1222,Mumbai,3500,5500,4500
1223,Mumbai,6000,7500,7000
1224,Mumbai,6000,7500,7000
1225,Mumbai,6000,7500,7000
1226,Mumbai,6000,7500,7000
1227,Mumbai,6200,7800,6800
1228,Mumbai,6200,7800,6800
1229,Mumbai,6200,7800,6800
1230,Mumbai,6000,7500,7000
1231,Mumbai,5500,7000,6600
1232,Mumbai,5500,7000,6600
1233,Mumbai,5500,7000,6600
1234,Mumbai,5500,7000,6600
1235,Mumbai,5500,7000,6600
1236,Mumbai,5500,7000,6600
1237,Mumbai,5500,7000,6600
1238,Mumbai,5500,7000,6600
1239,Nagpur,3000,3500,3375
1240,Nagpur,3200,3600,3500
1241,Nagpur,3500,4000,3875
1242,Nagpur,3400,3800,3700
1243,Nagpur,4000,4500,4375
1244,Nagpur,4000,4500,4375
1245,Nagpur,4000,4500,4350
1246,Nagpur,3000,4200,3856
1247,Nagpur,3200,4200,3950
1248,Nagpur,3000,4000,3750
1249,Nagpur,3200,4200,3950
1250,Nagpur,3000,4000,3750
1251,Nagpur,3000,4000,3750
1252,Nagpur,3200,4200,3950
1253,Nagpur,3800,4200,4100
1254,Nagpur,3200,4200,3950
1255,Nagpur,3000,4000,3750
1256,Nagpur,3000,4000,3750
1257,Nagpur,3200,4000,3800
1258,Nagpur,3400,3800,3700
1259,Nagpur,3500,4000,3875
1260,Nagpur,3400,3800,3700
1261,Nagpur,3500,4000,3875
1262,Nagpur,3500,4000,3875
1263,Nagpur,3500,4000,3850
1264,Nagpur,3500,4000,3875
1265,Nagpur,3500,4000,3875
1266,Nagpur,3500,4000,3875
1267,Nagpur,3500,4000,3875
1268,Nagpur,3500,4000,3875
1269,Nagpur,4500,5000,4875
1270,Nagpur,4500,5000,4875
1271,Nagpur,4500,5000,4875
1272,Nagpur,4500,5000,4875
1273,Nagpur,4500,5000,4875
1274,Nagpur,4500,5000,4875
1275,Nagpur,4500,5000,4875
1276,Nagpur,4500,5000,4875
1277,Nagpur,4500,5000,4875
1278,Nagpur,4500,5000,4875
1279,Nagpur,4500,5000,4875
1280,Nagpur,4500,5000,4875
1281,Nagpur,4000,5000,4750
1282,Nagpur,4200,5000,4800
1283,Nagpur,4000,4500,4375
1284,Nagpur,2500,3000,2875
1285,Nagpur,2500,3200,3025
1286,Nagpur,2500,3200,3025
1287,Nagpur,2500,3200,3025
1288,Nagpur,2500,3000,2875
1289,Nagpur,2500,3000,2875
1290,Nagpur,2500,3000,2875
1291,Nagpur,2500,3000,2875
1292,Nagpur,2500,3000,2875
1293,Nagpur,2500,3000,2875
1294,Nagpur,2500,3200,3025
1295,Nagpur,2500,3000,2875
1296,Nagpur,2500,3000,2875
1297,Nagpur,2500,3000,2875
1298,Nagpur,2500,3000,2875
1299,Nanded,3600,3800,3600
1300,Nanded,3700,3750,3700
1301,Nanded,3550,3550,3550
1302,Nanded,3450,3977,3800
1303,Nanded,3311,3651,3601
1304,Nanded,2900,3050,3031
1305,Nanded,3630,3801,3735
1306,Nanded,3301,3785,3356
1307,Nanded,3535,3751,3715
1308,Nanded,3100,3801,3741
1309,Nanded,3450,3745,3650
1310,Nanded,3300,3561,3511
1311,Nanded,3401,3668,3571
1312,Nanded,3311,3765,3631
1313,Nanded,3660,3660,3660
1314,Nanded,3200,3705,3500
1315,Nanded,3315,3700,3621
1316,Nanded,3476,3720,3698
1317,Nanded,3105,3840,3700
1318,Nanded,3300,3801,3751
1319,Nanded,3450,3911,3791
1320,Nanded,3550,3821,3650
1321,Nanded,3535,3700,3600
1322,Nashik,5303,6700,6431
1323,Nashik,5760,6011,5860
1324,Nashik,4400,4599,4500
1325,Nashik,3600,4750,4400
1326,Nashik,2500,3488,3300
1327,Nashik,3001,4400,3599
1328,Nashik,2200,4101,4000
1329,Nashik,3540,4500,4300
1330,Nashik,2000,3951,3771
1331,Nashik,2800,4186,4101
1332,Nashik,4100,4186,4101
1333,Nashik,3300,3970,3737
1334,Nashik,1700,4965,4254
1335,Nashik,1800,4015,3775
1336,Nashik,3200,4293,3890
1337,Nashik,3110,4089,3790
1338,Nashik,2999,3850,3690
1339,Nashik,3800,4146,3990
1340,Nashik,3550,3800,3637
1341,Nandurbar,2900,3400,3150
1342,Nandurbar,2862,3200,3000
1343,Nandurbar,3400,3400,3400
1344,Nandurbar,2200,2200,2200
1345,Nandurbar,2900,3499,3200
1346,Nandurbar,2260,3588,2900
1347,Nandurbar,2400,3525,2450
1348,Nandurbar,2400,2900,2650
1349,Nandurbar,2150,2400,2275
1350,Nandurbar,2000,2950,2475
1351,Nandurbar,2000,2950,2475
1352,Nandurbar,2000,2900,2450
1353,Nandurbar,1900,2271,2025
1354,Nandurbar,2211,3402,2800
1355,Nandurbar,1900,3300,2600
1356,Nandurbar,2050,3576,3000
1357,Nandurbar,1936,3637,2300
1358,Nandurbar,2200,2725,2450
1359,Nandurbar,2250,2250,2250
1360,Nandurbar,1991,3425,2700
1361,Nandurbar,2350,2350,2350
1362,Nandurbar,2300,2300,2300
1363,Nandurbar,3970,3970,3970
1364,Nashik,3500,5000,4400
1365,Nashik,5260,6000,5520
1366,Nashik,5200,6000,5500
1367,Nashik,3950,5000,4550
1368,Nashik,2830,4500,4160
1369,Nashik,3000,5500,4500
1370,Nashik,3800,5000,4500
1371,Nashik,4260,5000,4450
1372,Nashik,3870,5000,4320
1373,Nashik,4300,5000,4600
1374,Nashik,3240,4000,3560
1375,Nashik,2965,3500,3225
1376,Nashik,2825,3500,3150
1377,Nashik,3275,4000,3665
1378,Nashik,3265,4000,3625
1379,Nashik,3450,4200,3850
1380,Nashik,3350,4000,3650
1381,Nashik,3390,4000,3550
1382,Nashik,3300,4000,3550
1383,Nashik,3400,4000,3650
1384,Nashik,3500,4000,3650
1385,Nashik,3200,4000,3550
1386,Nashik,2000,3200,2500
1387,Nashik,3500,4000,3700
1388,Nashik,2600,4000,3200
1389,Nashik,3500,4000,3700
1390,Nashik,3200,4000,3450
1391,Nashik,2700,3500,3200
1392,Nashik,3200,4000,3500
1393,Nashik,1500,2500,2200
1394,Nashik,2500,3500,3000
1395,Nashik,2500,3000,2700
1396,Nashik,2000,2500,2200
1397,Nashik,2500,3000,2700
1398,Nashik,3800,4500,4000
1399,Nashik,3500,4500,4000
1400,Nashik,3800,4800,4200
1401,Nashik,3000,4000,3500
1402,Nashik,3000,6000,4500
1403,Nashik,2600,4600,4000
1404,Nashik,4000,5500,5000
1405,Nashik,4500,5000,4700
1406,Nashik,5000,6000,5500
1407,Nashik,3500,4500,4000
1408,Nashik,4200,5200,4700
1409,Nashik,3500,4700,4000
1410,Nashik,4000,5500,4600
1411,Nashik,3500,4500,4000
1412,Nashik,3800,4500,4000
1413,Nashik,3500,4500,4000
1414,Nashik,5000,6500,5800
1415,Nashik,3000,6000,4000
1416,Nashik,4000,5000,4500
1417,Nashik,3000,4000,3500
1418,Nashik,3000,4500,3850
1419,Nashik,3100,4000,3500
1420,Nashik,3500,4400,3850
1421,Nashik,3000,3800,3250
1422,Nashik,2800,3200,2950
1423,Nashik,2800,3500,3150
1424,Nashik,2800,3200,3000
1425,Nashik,3000,3500,3200
1426,Nashik,3200,4000,3500
1427,Nashik,3000,4000,3400
1428,Nashik,2500,3400,2800
1429,Nashik,3000,3500,3150
1430,Nashik,2500,3500,3000
1431,Nashik,2200,3800,3000
1432,Nashik,2300,3000,2600
1433,Nashik,2000,3000,2700
1434,Nashik,2200,2800,2400
1435,Nashik,1800,2400,2200
1436,Nashik,2000,2700,2200
1437,Nashik,2000,2700,2300
1438,Nashik,2000,3000,2500
1439,Nashik,2000,2500,2300
1440,Nashik,2400,3400,2800
1441,Nashik,2500,3500,3000
1442,Nashik,2300,3000,2600
1443,Nashik,2500,3000,2700
1444,Nashik,2000,2700,2300
1445,Nashik,2500,3000,2700
1446,Nashik,1500,4000,3000
1447,Nashik,3500,4200,3800
1448,Nashik,2200,2600,2400
1449,Nashik,2000,2800,2500
1450,Nashik,1800,2700,2400
1451,Nashik,1800,2900,2400
1452,Nashik,1600,2500,2100
1453,Nashik,1700,2600,2200
1454,Nashik,2000,3000,2500
1455,Nashik,2000,3000,2600
1456,Nashik,2300,3000,2600
1457,Nashik,2000,2700,2400
1458,Nashik,2500,3200,2800
1459,Nandurbar,3800,4000,3866
1460,Nandurbar,3700,4000,3820
1461,Nandurbar,3800,4000,3853
1462,Nandurbar,3800,4000,3876
1463,Nandurbar,3800,4000,3923
1464,Nandurbar,3800,3900,3833
1465,Nandurbar,3800,4000,3888
1466,Nandurbar,3700,3700,3700
1467,Nandurbar,3800,3900,3828
1468,Nandurbar,3800,3800,3800
1469,Nandurbar,3800,4000,3888
1470,Nandurbar,3800,3900,3835
1471,Nandurbar,3600,3600,3600
1472,Nandurbar,3800,4000,3852
1473,Nandurbar,3700,3700,3700
1474,Nandurbar,3800,3900,3850
1475,Nandurbar,3800,4000,3855
1476,Nandurbar,3800,3900,3833
1477,Nandurbar,3800,4000,3871
1478,Nandurbar,3800,4000,3900
1479,Nandurbar,3800,4000,3880
1480,Nandurbar,3700,3700,3700
1481,Nandurbar,3800,4000,3835
1482,Nandurbar,3800,4000,3870
1483,Nandurbar,3750,4000,3818
1484,Nandurbar,3700,4000,3808
1485,Nandurbar,3800,4000,3875
1486,Nandurbar,3800,4000,3845
1487,Nandurbar,3700,3700,3700
1488,Nandurbar,3700,4000,3815
1489,Nandurbar,3800,3800,3800
1490,Nandurbar,3800,4000,3883
1491,Nandurbar,3750,4000,3864
1492,Nandurbar,3800,4000,3889
1493,Nandurbar,3700,4000,3749
1494,Nandurbar,3800,3900,3835
1495,Nandurbar,3700,4000,3876
1496,Nandurbar,3600,3800,3750
1497,Nandurbar,3800,3875,3808
1498,Nandurbar,3800,4000,3899
1499,Nandurbar,3700,4000,3837
1500,Nandurbar,3600,3700,3650
1501,Nandurbar,3800,4000,3948
1502,Nandurbar,3775,3900,3829
1503,Nandurbar,3800,3800,3800
1504,Nandurbar,3800,4000,3906
1505,Nandurbar,3700,3700,3700
1506,Nandurbar,4000,4000,4000
1507,Nandurbar,4000,4000,4000
1508,Nandurbar,4000,4000,4000
1509,Nandurbar,4000,4000,4000
1510,Latur,2700,2800,2700
1511,Yavatmal,3360,3555,3490
1512,Yavatmal,3300,3300,3300
1513,Yavatmal,3450,3550,3500
1514,Yavatmal,3375,3375,3375
1515,Yavatmal,3450,3500,3490
1516,Yavatmal,3400,3600,3550
1517,Yavatmal,3450,3600,3550
1518,Yavatmal,3600,3600,3600
1519,Yavatmal,3600,3750,3690
1520,Yavatmal,3550,3650,3640
1521,Yavatmal,3590,3750,3700
1522,Yavatmal,3500,3600,3575
1523,Yavatmal,3450,3650,3600
1524,Yavatmal,3300,3620,3550
1525,Yavatmal,3350,3620,3550
1526,Yavatmal,3300,3300,3300
1527,Yavatmal,3300,3600,3500
1528,Yavatmal,3100,3400,3300
1529,Yavatmal,3275,3275,3275
1530,Beed,3451,3451,3451
1531,Beed,4051,4051,4051
1532,Beed,3100,3100,3100
1533,Beed,3000,3000,3000
1534,Beed,3200,3350,3325
1535,Beed,2500,2500,2500
1536,Beed,2900,3071,3000
1537,Beed,2600,3200,3000
1538,Beed,2550,2800,2700
1539,Beed,3300,3501,3400
1540,Beed,2901,3000,3000
1541,Beed,2900,3501,3000
1542,Beed,2800,3100,2950
1543,Beed,2200,3251,2725
1544,Beed,3050,3750,3500
1545,Beed,2900,3200,3000
1546,Beed,2800,2800,2800
1547,Beed,2500,2500,2500
1548,Beed,3400,3400,3400
1549,Beed,2800,2800,2800
1550,Parbhani,3525,3525,3525
1551,Parbhani,3550,3600,3570
1552,Parbhani,3500,3500,3500
1553,Parbhani,3550,3575,3575
1554,Parbhani,3100,3325,3100
1555,Parbhani,3351,3451,3380
1556,Parbhani,2301,3461,3400
1557,Parbhani,2300,3402,3300
1558,Parbhani,3200,3500,3300
1559,Parbhani,3300,3431,3300
1560,Parbhani,2500,3500,3471
1561,Parbhani,2600,3411,3261
1562,Parbhani,2800,3500,3300
1563,Parbhani,3375,3600,3500
1564,Parbhani,3400,3600,3451
1565,Parbhani,3352,3671,3600
1566,Parbhani,3200,3700,3500
1567,Parbhani,3400,3701,3600
1568,Parbhani,3200,3700,3600
1569,Parbhani,3100,3700,3600
1570,Parbhani,2852,3645,3552
1571,Parbhani,2700,3651,3451
1572,Parbhani,3400,3751,3600
1573,Parbhani,3078,3732,3421
1574,Parbhani,3150,3700,3600
1575,Parbhani,3152,3616,3500
1576,Parbhani,2911,3251,2972
1577,Parbhani,2425,3351,2425
1578,Parbhani,1849,2852,2750
1579,Pune,6100,6750,6450
1580,Pune,6000,6800,6500
1581,Pune,6100,6500,6350
1582,Pune,6000,7200,6650
1583,Pune,6000,6300,6200
1584,Pune,6000,6400,6300
1585,Pune,5800,6900,6450
1586,Pune,5900,6800,6400
1587,Pune,5900,6800,6400
1588,Pune,5900,6600,6300
1589,Pune,6000,6600,6350
1590,Pune,6000,7800,7000
1591,Pune,6100,6500,6350
1592,Pune,6200,7200,6800
1593,Pune,6000,6500,6300
1594,Pune,6050,6400,6300
1595,Pune,6100,6300,6250
1596,Pune,6100,6400,6300
1597,Pune,6100,6500,6400
1598,Pune,6000,7400,6800
1599,Pune,6100,7400,6550
1600,Pune,6000,7300,6700
1601,Pune,6200,6700,6550
1602,Pune,6000,6700,6450
1603,Pune,6300,6850,6600
1604,Parbhani,3950,3950,3950
1605,Parbhani,3901,3901,3901
1606,Parbhani,3890,3890,3890
1607,Parbhani,3570,4044,4019
1608,Parbhani,3290,3910,3894
1609,Yavatmal,3770,3900,3800
1610,Yavatmal,3800,3800,3800
1611,Yavatmal,3720,3875,3800
1612,Yavatmal,3540,3800,3705
1613,Yavatmal,3750,3995,3790
1614,Yavatmal,3480,3975,3800
1615,Ahmednagar,2800,2800,2800
1616,Ahmednagar,3300,3300,3300
1617,Ahmednagar,2981,2981,2981
1618,Ahmednagar,2300,2700,2500
1619,Ahmednagar,3000,3500,3250
1620,Ahmednagar,2721,2721,2721
1621,Ahmednagar,3100,3200,3150
1622,Dhule,4000,4450,4250
1623,Dhule,3700,4500,4200
1624,Dhule,4000,4550,4225
1625,Dhule,4000,4500,4255
1626,Dhule,2500,4351,4100
1627,Dhule,3232,4211,4100
1628,Dhule,3030,4151,4051
1629,Dhule,4000,4400,4200
1630,Dhule,4000,4200,4141
1631,Dhule,2611,4400,3333
1632,Dhule,3030,4401,4100
1633,Dhule,3501,4425,4150
1634,Dhule,4200,4400,4311
1635,Dhule,3333,4545,4211
1636,Dhule,3240,4480,4200
1637,Dhule,3300,4500,4000
1638,Dhule,3600,4951,4100
1639,Dhule,3500,5051,3600
1640,Dhule,3500,4600,4050
1641,Dhule,3400,4500,3600
1642,Dhule,3300,4045,3600
1643,Dhule,3300,4150,3510
1644,Dhule,3150,4015,3600
1645,Dhule,3310,4050,3500
1646,Dhule,3250,4000,3600
1647,Dhule,3300,4150,3500
1648,Dhule,3300,4350,3560
1649,Dhule,3300,4500,3560
1650,Dhule,3000,4500,3600
1651,Dhule,3300,4500,3700
1652,Dhule,3300,4450,3650
1653,Dhule,3200,4120,3600
1654,Dhule,3500,4500,3700
1655,Dhule,3200,4500,3700
1656,Dhule,2700,4100,3700
1657,Dhule,3350,3980,3560
1658,Dhule,3180,4001,3670
1659,Dhule,3100,4180,3600
1660,Dhule,3100,3760,3525
1661,Dhule,3300,3850,3560
1662,Dhule,3411,4500,3570
1663,Dhule,3220,4713,4600
1664,Dhule,4200,4773,4400
1665,Dhule,2700,5000,3600
1666,Dhule,3500,4500,4150
1667,Dhule,3000,4600,4100
1668,Dhule,3600,4500,4200
1669,Dhule,3500,4700,4200
1670,Dhule,4500,4511,4500
1671,Dhule,2900,4600,4600
1672,Dhule,4500,4650,4500
1673,Dhule,3055,4490,4200
1674,Dhule,3500,4500,3650
1675,Dhule,3500,3900,3900
1676,Dhule,3300,4500,3300
1677,Dhule,3500,4700,4100
1678,Dhule,3350,5000,4100
1679,Dhule,3600,4950,4000
1680,Dhule,4000,5100,4350
1681,Dhule,4500,5000,5000
1682,Dhule,3200,4800,4000
1683,Dhule,3200,4700,3600
1684,Dhule,3350,4775,3900
1685,Dhule,3100,4700,3600
1686,Dhule,3000,4500,3900
1687,Dhule,3300,4500,4000
1688,Dhule,3100,3680,3250
1689,Dhule,3100,4000,3600
1690,Dhule,3000,3600,3450
1691,Dhule,2450,3650,3350
1692,Dhule,2200,3600,3000
1693,Dhule,3000,4200,3120
1694,Dhule,3000,4250,3600
1695,Dhule,3000,3600,3300
1696,Dhule,3300,4250,4000
1697,Dhule,2500,3600,3000
1698,Dhule,3350,4250,3600
1699,Dhule,2500,4150,3560
1700,Dhule,3100,4250,3300
1701,Dhule,3100,4250,3600
1702,Dhule,3300,4200,3600
1703,Dhule,2350,3300,3000
1704,Dhule,2300,4000,3000
1705,Dhule,2350,4100,3300
1706,Dhule,2360,4000,3000
1707,Dhule,2400,4000,3100
1708,Dhule,2150,3450,2900
1709,Dhule,2250,3500,2800
1710,Dhule,2350,4000,3100
1711,Dhule,2450,4200,3100
1712,Dhule,2250,3500,3200
1713,Dhule,2350,4000,2986
1714,Dhule,2300,4100,3000
1715,Dhule,2500,3500,3000
1716,Dhule,2350,3300,3000
1717,Dhule,2400,3600,3100
1718,Dhule,2350,3500,2500
1719,Dhule,2350,3450,3100
1720,Dhule,2100,3500,2570
1721,Dhule,2350,3600,3000
1722,Dhule,3000,4000,3386
1723,Dhule,2200,3486,2500
1724,Dhule,2300,3600,3000
1725,Dhule,2300,3300,3000
1726,Dhule,2200,3000,2500
1727,Dhule,2350,3330,2500
1728,Dhule,3000,3600,3200
1729,Dhule,2300,3360,2500
1730,Dhule,2500,3600,2500
1731,Dhule,2300,3500,2500
1732,Dhule,2300,2650,2300
1733,Dhule,2350,3450,2700
1734,Dhule,2250,3350,3150
1735,Dhule,2350,3500,3150
1736,Dhule,2400,3600,3150
1737,Dhule,2500,3520,3000
1738,Dhule,2500,3400,3300
1739,Dhule,3000,3500,3300
1740,Dhule,3100,3600,3500
1741,Dhule,2500,3600,3600
1742,Dhule,2500,3600,3500
1743,Dhule,3100,3600,3600
1744,Dhule,3500,3776,3560
1745,Dhule,2000,3600,3500
1746,Dhule,2500,3650,3450
1747,Dhule,2611,3615,3355
1748,Dhule,3400,3642,3500
1749,Dhule,3100,3650,3500
1750,Dhule,3000,3600,3300
1751,Dhule,2200,3400,3400
1752,Dhule,3000,3600,3300
1753,Dhule,3000,3500,3330
1754,Dhule,3300,3700,3500
1755,Dhule,3333,3615,3400
1756,Dhule,1110,1170,1110
1757,Dhule,3000,3600,3100
1758,Dhule,3000,3560,3150
1759,Dhule,3000,3625,3420
1760,Dhule,3000,3875,3300
1761,Dhule,3100,3780,3300
1762,Dhule,3000,3600,3400
1763,Dhule,3500,3625,3500
1764,Dhule,3500,3604,3511
1765,Dhule,3533,3701,3611
1766,Dhule,3100,3551,3200
1767,Dhule,3100,3551,3300
1768,Dhule,3000,3680,3360
1769,Dhule,3000,3600,3220
1770,Dhule,3000,3600,3200
1771,Dhule,3000,3780,3300
1772,Dhule,2222,3607,3330
1773,Dhule,2222,3401,3333
1774,Dhule,3351,3501,3434
1775,Dhule,3200,3501,3330
1776,Dhule,3000,3600,3300
1777,Dhule,3100,3560,3280
1778,Dhule,3100,3680,3400
1779,Dhule,3000,3600,3300
1780,Dhule,3000,3600,3300
1781,Dhule,3200,3200,3200
1782,Dhule,3000,3480,3210
1783,Dhule,3100,3300,3131
1784,Dhule,3100,3926,3300
1785,Nashik,2000,3551,2300
1786,Nashik,3800,5001,5001
1787,Nashik,2400,5001,4675
1788,Nashik,2000,5361,4831
1789,Nashik,3000,5275,5275
1790,Nashik,2425,5101,5101
1791,Nashik,4300,4300,4300
1792,Nashik,2300,5300,5300
1793,Nashik,2400,5211,5211
1794,Nashik,2400,4901,4901
1795,Nashik,2275,4561,4561
1796,Nashik,3000,5001,5001
1797,Nashik,2300,4907,4675
1798,Nashik,3500,5025,5025
1799,Nashik,2700,4965,4965
1800,Nashik,2200,4311,2500
1801,Nashik,2200,4575,4575
1802,Nashik,2125,4700,4700
1803,Nashik,2411,4500,4500
1804,Nashik,2750,4925,4925
1805,Nashik,2601,5000,5000
1806,Nashik,2400,4411,3301
1807,Nashik,3100,4350,4000
1808,Nashik,2000,3955,3000
1809,Nashik,2300,4211,3551
1810,Nashik,2400,4200,3600
1811,Nagpur,4374,4711,4500
1812,Nagpur,300,3750,3750
1813,Nagpur,3357,3357,3357
1814,Nagpur,3797,3797,3797
1815,Nagpur,3825,3825,3825
1816,Nagpur,3700,3802,3760
1817,Nagpur,3300,3783,3600
1818,Nagpur,3707,3707,3707
1819,Nagpur,2900,3725,3400
1820,Nagpur,3050,3335,3200
1821,Nagpur,3050,3050,3050
1822,Nagpur,3100,3100,3100
1823,Nagpur,3015,3674,3400
1824,Nagpur,2800,3270,3070
1825,Nagpur,3400,3640,3640
1826,Nagpur,3290,3709,3600
1827,Nagpur,3300,3600,3500
1828,Nagpur,2800,3135,3050
1829,Hingoli,3750,3750,3750
1830,Hingoli,3350,3350,3350
1831,Hingoli,3500,3500,3500
1832,Hingoli,3500,3500,3500
1833,Hingoli,3500,3650,3550
1834,Hingoli,3500,3600,3550
1835,Hingoli,3500,3650,3550
1836,Hingoli,3500,3550,3525
1837,Hingoli,3400,3525,3450
1838,Hingoli,3425,3550,3500
1839,Hingoli,3400,3500,3450
1840,Hingoli,3400,3525,3450
1841,Hingoli,3100,3300,3200
1842,Hingoli,3500,3625,3550
1843,Hingoli,3500,3600,3550
1844,Hingoli,3500,3700,3600
1845,Hingoli,3500,3600,3550
1846,Hingoli,3500,3651,3550
1847,Hingoli,3400,3675,3550
1848,Hingoli,3500,3650,3600
1849,Hingoli,3400,3700,3600
1850,Hingoli,3500,3700,3650
1851,Hingoli,3500,3650,3550
1852,Hingoli,3500,3700,3550
1853,Hingoli,3500,3700,3600
1854,Hingoli,3300,3850,3550
1855,Hingoli,3300,3675,3500
1856,Hingoli,3300,3500,3450
1857,Dhule,3300,4600,4426
1858,Dhule,3100,4400,4400
1859,Dhule,3200,4350,4231
1860,Dhule,4361,4899,4500
1861,Dhule,4226,4371,4371
1862,Dhule,4200,4380,4280
1863,Dhule,4050,4350,4291
1864,Dhule,3941,4750,4540
1865,Dhule,4426,4666,4666
1866,Dhule,4299,4650,4474
1867,Dhule,4131,4713,4441
1868,Dhule,4390,4569,4414
1869,Dhule,4247,4551,4401
1870,Dhule,3000,4790,4411
1871,Dhule,4100,4541,4441
1872,Dhule,2000,4300,4100
1873,Dhule,3200,4700,4299
1874,Dhule,3300,5025,4570
1875,Dhule,3200,4732,4341
1876,Dhule,4325,4670,4450
1877,Dhule,4001,4672,4426
1878,Dhule,4200,4800,4500
1879,Dhule,4200,4930,4681
1880,Dhule,4175,4999,4701
1881,Dhule,3500,4840,4651
1882,Dhule,4200,5020,4750
1883,Dhule,4200,5141,4850
1884,Dhule,4301,5100,4851
1885,Dhule,4100,5280,4821
1886,Dhule,4100,5130,4855
1887,Dhule,3600,5151,4800
1888,Dhule,3500,5025,4751
1889,Dhule,4511,5121,4801
1890,Dhule,4000,5150,4850
1891,Dhule,3500,5126,4750
1892,Dhule,3700,5171,4851
1893,Dhule,4000,5176,4899
1894,Dhule,3991,5224,4991
1895,Dhule,4231,5250,4851
1896,Dhule,3401,4800,4601
1897,Dhule,4200,4760,4360
1898,Dhule,3000,4800,4500
1899,Dhule,4400,4741,4525
1900,Dhule,3251,5051,4581
1901,Dhule,2550,4900,4500
1902,Dhule,4176,5126,4700
1903,Dhule,4050,5111,4631
1904,Dhule,4200,5100,4451
1905,Dhule,3500,5291,4325
1906,Dhule,3500,5141,4550
1907,Dhule,4700,5000,5000
1908,Dhule,4400,5190,4900
1909,Dhule,3350,5322,5000
1910,Dhule,4800,4800,4800
1911,Dhule,3600,5541,5350
1912,Dhule,3550,5451,5251
1913,Dhule,4101,5530,5276
1914,Dhule,4251,5622,5340
1915,Dhule,3911,5450,5340
1916,Dhule,4160,5330,4840
1917,Dhule,3971,4800,4712
1918,Dhule,3000,4961,4711
1919,Dhule,3951,5100,4750
1920,Dhule,3500,5000,4725
1921,Dhule,3601,4825,4755
1922,Dhule,2611,4801,4750
1923,Dhule,4000,4850,4429
1924,Dhule,4199,4801,4600
1925,Dhule,3961,4701,4401
1926,Dhule,3751,4551,4100
1927,Dhule,3800,4450,4450
1928,Dhule,2700,4050,4050
1929,Dhule,4041,4449,4151
1930,Dhule,2611,4550,4275
1931,Dhule,3501,4431,4290
1932,Dhule,3651,4561,4176
1933,Dhule,3001,4467,4351
1934,Dhule,4000,4475,4251
1935,Dhule,3401,4416,4041
1936,Dhule,3600,4051,4000
1937,Dhule,2611,4401,4210
1938,Dhule,2650,4149,3801
1939,Dhule,2700,4301,4026
1940,Dhule,2811,4312,4157
1941,Dhule,3311,4250,4011
1942,Dhule,2711,4103,3970
1943,Dhule,3200,4051,3776
1944,Dhule,2600,3900,3750
1945,Dhule,2700,4125,3961
1946,Dhule,3200,4213,4001
1947,Dhule,3601,4250,3841
1948,Dhule,3500,4240,3900
1949,Dhule,2700,4351,4301
1950,Dhule,2800,4160,3940
1951,Dhule,2850,4225,3951
1952,Dhule,2851,4202,3871
1953,Dhule,2741,4299,3950
1954,Dhule,2806,4130,3776
1955,Dhule,2611,4050,3950
1956,Dhule,2290,4151,3851
1957,Dhule,2651,4162,3903
1958,Dhule,2200,3750,3475
1959,Dhule,2550,4040,3761
1960,Dhule,2101,2550,2500
1961,Dhule,2700,2700,2700
1962,Dhule,2801,2801,2801
1963,Dhule,2700,3150,3150
1964,Dhule,2700,2700,2700
1965,Dhule,2511,3566,3566
1966,Dhule,3000,3800,3800
1967,Dhule,3500,3601,3601
1968,Dhule,3400,3400,3400
1969,Dhule,3241,3786,3650
1970,Dhule,3476,3751,3641
1971,Dhule,2741,3711,3451
1972,Dhule,2951,3571,3401
1973,Dhule,3351,3870,3500
1974,Dhule,2200,3400,3340
1975,Dhule,2600,3725,3171
1976,Dhule,2351,2900,2500
1977,Pune,2500,3000,3000
1978,Pune,3300,3500,3500
1979,Ahmednagar,4100,4100,4100
1980,Ahmednagar,4000,4000,4000
1981,Ahmednagar,3800,4250,3950
1982,Ahmednagar,3800,4200,4000
1983,Ahmednagar,3500,4100,3900
1984,Ahmednagar,3800,4200,4000
1985,Ahmednagar,3600,4250,3950
1986,Ahmednagar,3500,4200,3800
1987,Ahmednagar,3500,4300,3900
1988,Ahmednagar,3500,4200,3900
1989,Ahmednagar,3500,4300,4100
1990,Ahmednagar,3400,4300,4100
1991,Ahmednagar,3400,4200,4000
1992,Ahmednagar,3500,4200,3900
1993,Ahmednagar,3600,4200,3900
1994,Ahmednagar,4000,4000,4000
1995,Ahmednagar,3800,4100,4000
1996,Ahmednagar,3400,4200,3800
1997,Ahmednagar,3400,4100,3800
1998,Ahmednagar,3400,4000,3600
1999,Ahmednagar,3600,4100,3800
2000,Ahmednagar,3600,4100,3800
2001,Ahmednagar,3600,4200,3900
2002,Ahmednagar,3600,4150,4000
2003,Ahmednagar,3500,4100,3800
2004,Ahmednagar,3600,4000,3800
2005,Ahmednagar,3500,4150,3900
2006,Ahmednagar,3600,4000,3800
2007,Ahmednagar,3500,4100,3900
2008,Wardha,3200,3505,3350
2009,Wardha,3251,4000,3650
2010,Wardha,2770,3760,3500
2011,Wardha,3000,3750,3400
2012,Wardha,3900,4000,3950
2013,Wardha,3600,3885,3700
2014,Wardha,3600,3980,3800
2015,Nashik,3100,3100,3100
2016,Nashik,3800,3800,3800
2017,Nashik,2400,4100,3700
2018,Nashik,4081,4081,4081
2019,Parbhani,3425,3751,3600
2020,Parbhani,3251,3751,3600
2021,Parbhani,3200,3751,3600
2022,Parbhani,3201,3751,3651
2023,Parbhani,3460,3780,3751
2024,Parbhani,3261,3600,3551
2025,Parbhani,3200,3551,3400
2026,Nandurbar,3200,3500,3426
2027,Nandurbar,2800,3392,3326
2028,Nandurbar,2990,3500,3426
2029,Nandurbar,3100,3500,3486
2030,Nandurbar,2699,3542,3476
2031,Nandurbar,2425,3415,3402
2032,Nandurbar,3226,3545,3516
2033,Nandurbar,2802,3626,3570
2034,Nandurbar,3186,3842,3540
2035,Nandurbar,2202,3552,3500
2036,Nandurbar,3100,3559,3472
2037,Nandurbar,2352,3452,3426
2038,Nandurbar,2500,3455,3450
2039,Nandurbar,3000,3540,3503
2040,Nandurbar,3162,3552,3400
2041,Nandurbar,2602,3711,3700
2042,Nandurbar,2600,3486,3466
2043,Nandurbar,2202,3687,3642
2044,Nandurbar,2452,3686,3514
2045,Nandurbar,3162,3476,3387
2046,Nandurbar,3202,3952,3786
2047,Nandurbar,2700,3600,3500
2048,Nandurbar,3131,3460,3395
2049,Nandurbar,3080,3487,3400
2050,Nandurbar,3002,3520,3302
2051,Nandurbar,2286,3615,3500
2052,Nandurbar,2402,3460,3400
2053,Nandurbar,2400,3090,2852
2054,Nandurbar,2500,2699,2600
2055,Nandurbar,2900,3452,3050
2056,Thane,5500,8500,8000
2057,Thane,5700,8700,7900
2058,Thane,5700,8700,8300
2059,Thane,6000,8500,7800
2060,Thane,6000,8500,8000
2061,Thane,5700,8800,8000
2062,Thane,6000,8500,8000
2063,Thane,6500,8900,8000
2064,Thane,7000,8500,8000
2065,Thane,5000,8000,7000
2066,Thane,6500,8500,8000
2067,Yavatmal,3700,4000,3800
2068,Aurangabad,3156,3782,3500
2069,Aurangabad,3000,3625,3500
2070,Jalgaon,4000,5000,4450
2071,Jalgaon,3900,4650,4250
2072,Jalgaon,3900,4650,4250
2073,Jalgaon,3900,4600,4200
2074,Jalgaon,3800,4500,4100
2075,Jalgaon,3700,4400,4000
2076,Jalgaon,3700,4400,4000
2077,Jalgaon,3700,4400,4000
2078,Jalgaon,3775,4400,4000
2079,Jalgaon,3600,4400,3950
2080,Jalgaon,3600,4400,3950
2081,Jalgaon,3600,4400,3950
2082,Jalgaon,3600,4400,3950
2083,Yavatmal,3200,3200,3200
2084,Yavatmal,3800,3895,3865
2085,Yavatmal,1700,4100,2925
2086,Yavatmal,3830,3940,3900
2087,Yavatmal,3355,3690,3525
2088,Yavatmal,3800,3800,3800
2089,Yavatmal,3300,3500,3425
2090,Yavatmal,3550,3550,3550
2091,Yavatmal,3675,3800,3750
2092,Yavatmal,3500,3500,3500
2093,Yavatmal,3200,3600,3425
2094,Yavatmal,3915,3995,3975
2095,Yavatmal,3900,3900,3900
2096,Yavatmal,3380,3890,3550
2097,Yavatmal,3545,3570,3560
2098,Yavatmal,3100,3590,3350
2099,Yavatmal,3380,3600,3475
2100,Yavatmal,3055,3655,3375
2101,Yavatmal,3390,3895,3665
2102,Yavatmal,3455,3680,3550
2103,Yavatmal,3100,3745,3450
2104,Yavatmal,3750,3800,3785
2105,Yavatmal,3390,4000,3575
2106,Yavatmal,3400,3705,3475
2107,Yavatmal,3408,3840,3675
2108,Yavatmal,3000,3795,3375
2109,Yavatmal,2600,3745,3190
2110,Yavatmal,3135,3750,3450
2111,Yavatmal,3395,3670,3550
2112,Yavatmal,3165,3795,3475
2113,Yavatmal,3190,3190,3190
2114,Yavatmal,3700,3700,3700
2115,Yavatmal,2800,3485,3150
2116,Yavatmal,2765,3980,3395
2117,Yavatmal,3100,3545,3350
2118,Yavatmal,2000,3525,2550
2119,Yavatmal,2500,3475,2995
